Year,Month,Inflation_Rate,Crude Oil Price,Production,Crude Oil Export,CPI_Food,CPI_Energy,CPI_Health,CPI_Transport,CPI_Communication,CPI_Education,Date,Production_Growth,Crude_Export_Growth,Export_per_Production,CPI_Sensitive_Avg,Production_x_Export
2008,Jan,8.6,94.26,2.17,1.72,75.53443079,84.612846,83.86313858,86.53003755,83.12944045,75.2844657,2008-01-01,-0.041474654377880116,-0.05232558139534893,0.7926267281105991,82.63511323,3.7323999999999997
2008,Feb,8.0,98.15,2.08,1.63,75.15418502,85.23163236,83.3658912,88.35523571,82.88981376,75.45761873,2008-02-01,-0.041474654377880116,-0.05232558139534893,0.783653846153846,83.0267360725,3.3904
2008,Mar,7.8,103.73,2.06,1.61,78.24252261,83.25151603,86.08299296,84.37630371,81.89347122,74.82684697,2008-03-01,-0.009615384615384581,-0.012269938650306678,0.7815533980582524,82.9883338275,3.3166
2008,Apr,8.2,116.73,1.96,1.51,79.43426849,84.34883049,89.44533239,88.60033375,93.93786522,73.66424802,2008-04-01,-0.04854368932038844,-0.06211180124223603,0.7704081632653061,85.45719127999999,2.9596
2008,May,9.7,126.57,2.05,1.6,80.78367725,85.57402747,90.54046055,87.93283271,97.55328541,74.88044195,2008-05-01,0.04591836734693877,0.0596026490066226,0.7804878048780489,86.207749495,3.28
2008,Jun,12.0,138.74,2.02,1.57,84.49802921,88.38744276,91.62374948,88.26658323,96.46865935,78.40122032,2008-06-01,-0.014634146341463317,-0.018750000000000044,0.7772277227722773,88.19395117,3.1714
2008,Jul,14.0,137.74,2.13,1.68,86.70994667,90.7965843,93.47658794,89.65894869,97.28423088,80.87483509,2008-07-01,0.054455445544554504,0.07006369426751591,0.7887323943661972,90.1605169,3.5784
2008,Aug,12.4,115.84,2.11,1.66,87.71620682,92.51681036,92.42289706,88.61597831,97.29263884,83.70300132,2008-08-01,-0.009389671361502372,-0.011904761904761862,0.7867298578199052,90.31797313749999,3.5025999999999997
2008,Sep,13.0,103.82,2.17,1.72,88.45351264,94.10090343,92.31634405,88.29265749,97.73405642,83.08872032,2008-09-01,0.028436018957346043,0.03614457831325302,0.7926267281105991,90.7908544025,3.7323999999999997
2008,Oct,14.7,75.31,2.26,1.81,88.01762115,93.29235593,93.25164269,88.77763872,97.28843486,84.65534301,2008-10-01,0.041474654377880116,0.05232558139534893,0.8008849557522125,90.83481462249999,4.090599999999999
2008,Nov,14.8,55.51,2.14,1.69,88.1196383,92.00528031,94.17510211,89.16875261,97.12027578,84.93156332,2008-11-01,-0.05309734513274322,-0.06629834254143652,0.7897196261682242,90.86719333250001,3.6166
2008,Dec,15.1,45.87,2.04,1.59,88.64363552,93.46149086,96.05161901,90.86357947,97.10345987,87.59069921,2008-12-01,-0.04672897196261683,-0.059171597633136064,0.7794117647058824,92.25508121499999,3.2436000000000003
2009,Jan,14.0,44.95,2.03,1.58,89.45977278,92.27754631,97.14674717,91.2181894,97.07823601,88.27918865,2009-01-01,-0.004901960784313819,-0.0062893081761006275,0.7783251231527095,92.52556391499999,3.2074
2009,Feb,14.6,46.52,2.06,1.61,90.21562717,92.61169094,98.61481087,90.22736754,97.09505192,88.09366755,2009-02-01,0.014778325123152802,0.018987341772152,0.7815533980582524,92.91737413,3.3166
2009,Mar,14.4,49.7,2.07,1.62,90.94365871,92.55393754,99.01142485,90.96266166,97.08664397,89.91177441,2009-03-01,0.004854368932038833,0.006211180124223503,0.7826086956521741,93.36792069,3.3534
2009,Apr,13.3,51.16,1.86,1.41,91.62068166,92.89633266,101.0951282,94.35753025,97.09084794,89.31810686,2009-04-01,-0.10144927536231874,-0.12962962962962976,0.7580645161290321,94.9924181925,2.6226
2009,May,13.2,60.02,2.22,1.77,93.49872479,94.34016748,99.15349553,95.96370463,97.09084794,92.26170844,2009-05-01,0.19354838709677424,0.25531914893617036,0.7972972972972973,95.73902310749999,3.9294000000000002
2009,Jun,11.2,72.24,2.17,1.72,95.5993508,96.27490615,100.106553,94.04463913,97.09084794,92.5667876,2009-06-01,-0.022522522522522626,-0.02824858757062154,0.7926267281105991,96.50636227,3.7323999999999997
2009,Jul,11.1,66.52,2.14,1.69,97.86691398,98.28389918,101.7107678,92.50104297,99.44087106,93.92315303,2009-07-01,-0.013824884792626668,-0.01744186046511631,0.7897196261682242,97.5906559825,3.6166
2009,Aug,11.0,74.0,2.12,1.67,98.89635984,98.382905,101.7581247,93.14768461,101.4755959,99.4310686,2009-08-01,-0.009345794392523366,-0.01183431952662728,0.7877358490566037,98.0462685375,3.5404
2009,Sep,10.4,70.22,2.18,1.73,99.48527707,98.7335506,101.5509383,94.93116395,101.1897255,99.62895778,2009-09-01,0.028301886792452935,0.03592814371257491,0.793577981651376,98.67523247999999,3.7714000000000003
2009,Oct,11.6,78.25,2.28,1.83,99.92116856,99.5132214,102.3204878,95.99499374,100.4246017,97.72015172,2009-10-01,0.04587155963302725,0.05780346820809257,0.8026315789473685,99.43746787500001,4.1724
2009,Nov,12.4,78.11,2.15,1.7,100.0,100.0,100.0,100.0,100.0,100.0,2009-11-01,-0.05701754385964908,-0.0710382513661203,0.7906976744186046,100.0,3.655
2009,Dec,13.9,75.11,2.05,1.6,102.399338,100.2338987,101.8122368,101.7688899,99.98687816,101.4862346,2009-12-01,-0.04651162790697683,-0.05882352941176461,0.7804878048780489,101.55359084999999,3.28
2010,Jan,14.4,77.62,2.33,1.88,103.7002959,100.5719041,102.9855864,103.0467392,99.57636673,103.1073788,2010-01-01,0.13658536585365866,0.17499999999999982,0.8068669527896996,102.5761314,4.3804
2010,Feb,15.6,75.06,2.39,1.94,104.8382264,102.3216014,104.8979491,104.6896391,100.3150892,105.9985853,2010-02-01,0.025751072961373467,0.03191489361702127,0.811715481171548,104.186854,4.6366000000000005
2010,Mar,14.8,80.27,2.44,1.99,105.3033166,102.2022872,105.2625458,104.8461172,100.6306845,105.5015094,2010-03-01,0.02092050209205021,0.02577319587628879,0.8155737704918032,104.4035667,4.8556
2010,Apr,15.0,85.29,2.41,1.96,106.5599239,102.2471479,104.9135155,106.7632124,100.3505906,105.5788199,2010-04-01,-0.012295081967213073,-0.015075376884422176,0.8132780082987551,105.120949925,4.7236
2010,May,12.9,77.54,2.41,1.96,105.6751579,102.1151439,104.802957,106.2735633,100.2194736,108.6169511,2010-05-01,0.0,0.0,0.8132780082987551,104.71670552500001,4.7236
2010,Jun,14.1,75.79,2.21,1.76,109.99,104.79,108.45,107.42,102.08,106.55,2010-06-01,-0.08298755186721996,-0.10204081632653061,0.7963800904977376,107.6625,3.8896
2010,Jul,13.0,77.18,2.48,2.03,111.61,105.13,110.27,107.45,102.57,105.71,2010-07-01,0.12217194570135748,0.15340909090909083,0.8185483870967741,108.615,5.0344
2010,Aug,13.7,78.67,2.5,2.05,113.82,106.2,112.32,108.58,100.6,106.02,2010-08-01,0.008064516129032251,0.009852216748768461,0.82,110.22999999999999,5.125
2010,Sep,13.6,79.45,2.48,2.03,113.98,109.88,111.97,112.18,101.82,108.36,2010-09-01,-0.008000000000000007,-0.009756097560975618,0.8185483870967741,112.0025,5.0344
2010,Oct,13.4,84.42,2.88,2.43,113.9751446,110.9734172,114.7836601,107.0501923,102.8993235,110.1132066,2010-10-01,0.16129032258064502,0.19704433497536966,0.8437500000000001,111.69560355000002,6.9984
2010,Nov,12.8,86.71,2.5,2.05,114.3507051,112.6143399,111.1107693,111.7157189,101.9973113,107.6929247,2010-11-01,-0.13194444444444442,-0.15637860082304544,0.82,112.4478833,5.125
2010,Dec,11.8,92.79,2.58,2.13,115.4046991,113.1858736,112.7470643,112.9372839,102.3536639,109.1438245,2010-12-01,0.03200000000000003,0.039024390243902474,0.8255813953488371,113.568730225,5.4954
2011,Jan,12.1,97.96,2.49,2.04,114.3348045,113.8554997,111.3464952,109.2337319,103.6207558,110.222024,2011-01-01,-0.03488372093023251,-0.04225352112676051,0.8192771084337349,112.19263282499999,5.0796
2011,Feb,11.1,106.57,2.51,2.06,117.6509023,114.7268669,114.6576595,117.2131896,104.8851463,110.594205,2011-02-01,0.008032128514056103,0.009803921568627416,0.8207171314741036,116.062154575,5.170599999999999
2011,Mar,12.8,116.56,2.29,1.84,118.1174222,116.0152243,117.5271957,115.4670287,105.0868315,111.0377572,2011-03-01,-0.08764940239043817,-0.10679611650485432,0.8034934497816594,116.781717725,4.2136000000000005
2011,Apr,11.3,124.49,2.42,1.97,118.951481,121.0195168,117.199433,114.7669175,105.0686207,111.3733477,2011-04-01,0.05676855895196509,0.07065217391304346,0.8140495867768596,117.984337075,4.767399999999999
2011,May,12.4,118.43,2.5,2.05,118.5453534,121.177996,116.6307456,115.7393561,105.6887948,111.8991805,2011-05-01,0.03305785123966953,0.04060913705583746,0.82,118.023362775,5.125
2011,Jun,10.2,117.03,2.34,1.89,120.131028,121.5836261,119.8529697,118.4778144,105.6381482,112.1968983,2011-06-01,-0.06400000000000006,-0.07804878048780484,0.8076923076923077,120.01135955000001,4.422599999999999
2011,Jul,9.4,117.86,2.34,1.89,120.4014841,122.4703026,118.3055437,120.7314902,106.1715309,112.6388973,2011-07-01,0.0,0.0,0.8076923076923077,120.47720514999999,4.422599999999999
2011,Aug,9.3,111.99,2.41,1.96,123.682168,124.5119462,120.4310394,121.9380872,106.3639692,112.9013683,2011-08-01,0.02991452991453003,0.03703703703703698,0.8132780082987551,122.6408102,4.7236
2011,Sep,10.3,115.73,2.32,1.87,124.7845073,126.1025819,122.3389235,122.2769264,106.2003842,113.7696331,2011-09-01,-0.03734439834024905,-0.04591836734693866,0.8060344827586208,123.87573477500001,4.3384
2011,Oct,10.5,113.12,2.36,1.91,124.9806774,128.5033477,121.7602085,122.1968402,106.6467599,113.9572227,2011-10-01,0.01724137931034475,0.021390374331550666,0.8093220338983051,124.36026845,4.507599999999999
2011,Nov,10.5,113.92,2.32,1.87,125.3543316,128.0766263,122.6799963,123.2902176,107.0839718,114.1726561,2011-11-01,-0.016949152542372947,-0.020942408376963262,0.8060344827586208,124.85029294999998,4.3384
2011,Dec,10.3,111.46,2.27,1.82,128.1227447,131.9076505,122.8276597,128.7421845,106.5279127,114.5987154,2011-12-01,-0.02155172413793094,-0.0267379679144385,0.801762114537445,127.90005984999999,4.1314
2012,Jan,12.6,113.81,2.23,1.78,129.2584024,131.7733257,122.6977016,127.829166,108.6581027,115.0442794,2012-01-01,-0.017621145374449365,-0.02197802197802201,0.7982062780269058,127.889648925,3.9694
2012,Feb,11.9,121.87,2.4,1.95,129.0968278,131.834988,122.7079712,127.8523448,108.6601394,115.0569236,2012-02-01,0.07623318385650224,0.09550561797752799,0.8125,127.87303295000001,4.68
2012,Mar,12.1,128.0,2.34,1.89,132.1121723,139.6978933,129.6716622,134.4129138,113.3942537,125.599941,2012-03-01,-0.025000000000000022,-0.03076923076923077,0.8076923076923077,133.9736604,4.422599999999999
2012,Apr,12.9,122.62,2.3,1.85,132.3283662,139.5083843,130.1469625,134.6272443,113.9846625,125.006655,2012-04-01,-0.017094017094017144,-0.021164021164021052,0.8043478260869567,134.152739325,4.255
2012,May,12.7,113.08,2.4,1.95,133.8875637,139.7458703,130.7771101,135.1051865,114.3538658,125.5,2012-05-01,0.04347826086956519,0.054054054054053946,0.8125,134.87893265,4.68
2012,Jun,12.9,98.06,2.37,1.92,134.5364978,146.4813394,131.0787856,135.4981734,114.811891,125.6911238,2012-06-01,-0.012499999999999956,-0.015384615384615441,0.810126582278481,136.89869905,4.5504
2012,Jul,12.8,104.62,2.42,1.97,134.9612974,146.7222899,131.2741964,135.8244701,114.8521342,125.8613037,2012-07-01,0.021097046413502074,0.02604166666666674,0.8140495867768596,137.19556345,4.767399999999999
2012,Aug,11.7,113.76,2.48,2.03,135.9393944,147.8470695,131.9576689,136.5504019,115.209259,126.3758883,2012-08-01,0.024793388429751984,0.030456852791878042,0.8185483870967741,138.073633675,5.0344
2012,Sep,11.3,114.36,2.45,2.0,137.4671475,150.0985206,132.3959704,137.3018208,115.6487321,126.69,2012-09-01,-0.012096774193548265,-0.01477832512315258,0.8163265306122448,139.315864825,4.9
2012,Oct,11.7,108.92,2.19,1.74,138.8085439,151.5117963,133.0560624,138.4889846,116.033314,128.0754981,2012-10-01,-0.10612244897959189,-0.13,0.7945205479452055,140.4663468,3.8106
2012,Nov,12.3,111.05,2.03,1.58,139.8362367,152.3382638,133.5212802,138.888601,116.1645544,128.8180153,2012-11-01,-0.07305936073059371,-0.09195402298850575,0.7783251231527095,141.146095425,3.2074
2012,Dec,12.0,114.49,2.21,1.76,141.1904391,153.2141657,133.8845103,140.1912386,116.337474,129.0700956,2012-12-01,0.08866995073891637,0.11392405063291133,0.7963800904977376,142.12008842499998,3.8896
2013,Jan,9.0,115.24,2.23,1.78,142.3207896,153.8433602,134.29161,140.6187577,116.4293676,129.2668531,2013-01-01,0.009049773755656076,0.011363636363636465,0.7982062780269058,142.768629375,3.9694
2013,Feb,9.5,118.81,2.23,1.78,143.2621944,155.1731911,135.460546,141.8821657,116.8972701,130.1892831,2013-02-01,0.0,0.0,0.7982062780269058,143.94452429999998,3.9694
2013,Mar,8.6,112.79,2.2,1.75,144.6392265,155.85746,136.4372272,142.4025602,117.295333,131.2106211,2013-03-01,-0.013452914798206206,-0.016853932584269704,0.7954545454545454,144.834118475,3.8500000000000005
2013,Apr,9.1,105.55,2.24,1.79,145.5695566,156.273164,137.2501654,143.2431546,117.408239,131.7480396,2013-04-01,0.0181818181818183,0.02285714285714291,0.7991071428571428,145.58401014999998,4.009600000000001
2013,May,9.0,106.0,2.06,1.61,146.3678664,157.182659,138.6136751,144.4804567,117.8521209,133.2064562,2013-05-01,-0.0803571428571429,-0.1005586592178771,0.7815533980582524,146.6611643,3.3166
2013,Jun,8.4,106.06,2.03,1.58,147.4595119,157.9921298,139.3994174,144.9769944,118.1344378,133.3261438,2013-06-01,-0.01456310679611661,-0.018633540372670843,0.7783251231527095,147.457013375,3.2074
2013,Jul,8.7,109.78,2.2,1.75,148.4497417,158.7508152,139.9770231,145.541441,118.4659956,133.534297,2013-07-01,0.08374384236453225,0.10759493670886067,0.7954545454545454,148.17975525,3.8500000000000005
2013,Aug,8.2,107.84,2.29,1.84,149.1572152,158.5406669,140.0241962,145.6415732,118.554151,133.7548322,2013-08-01,0.040909090909090784,0.05142857142857138,0.8034934497816594,148.34091287500001,4.2136000000000005
2013,Sep,8.0,113.59,2.29,1.84,150.4398453,159.4430788,140.8808604,146.6555814,119.1178846,134.8712295,2013-09-01,0.0,0.0,0.8034934497816594,149.35484147499997,4.2136000000000005
2013,Oct,7.8,112.29,2.23,1.78,151.6463442,160.2713226,141.973524,147.7641999,120.0307983,136.0464562,2013-10-01,-0.026200873362445476,-0.03260869565217395,0.7982062780269058,150.413847675,3.9694
2013,Nov,7.9,111.14,2.09,1.64,152.8596567,161.2602543,142.6891821,148.6121816,120.4495642,136.9635682,2013-11-01,-0.06278026905829603,-0.07865168539325851,0.784688995215311,151.355318675,3.4275999999999995
2013,Dec,8.0,112.75,2.11,1.66,154.2542383,162.1838695,143.5186053,149.5944697,120.9270416,137.8815362,2013-12-01,0.009569377990430672,0.012195121951219523,0.7867298578199052,152.3877957,3.5025999999999997
2014,Jan,8.0,110.19,2.29,1.84,155.5155456,162.7209195,144.275346,150.3954371,121.2693297,138.2767218,2014-01-01,0.08530805687203791,0.10843373493975905,0.8034934497816594,153.22681205,4.2136000000000005
2014,Feb,7.7,110.83,2.28,1.83,156.4527601,163.3137844,145.0005886,151.0128675,121.5693204,138.6732992,2014-02-01,-0.004366812227074357,-0.005434782608695676,0.8026315789473685,153.94500015,4.1724
2014,Mar,7.8,109.47,2.21,1.76,158.024308,164.168101,145.8966328,152.0114947,122.1030697,139.4034892,2014-03-01,-0.030701754385964897,-0.03825136612021862,0.7963800904977376,155.025134125,3.8896
2014,Apr,7.9,110.41,2.22,1.77,159.2735322,164.9094629,146.3172922,152.5820401,122.588884,139.8565123,2014-04-01,0.00452488687782826,0.005681818181818121,0.7972972972972973,155.77058184999999,3.9294000000000002
2014,May,8.0,111.9,2.33,1.88,160.5631896,165.9996194,147.3960479,153.7609171,123.0944303,140.8533624,2014-05-01,0.04954954954954949,0.062146892655367214,0.8068669527896996,156.9299435,4.3804
2014,Jun,8.2,114.6,2.16,1.71,161.8750808,167.3320739,148.4217142,154.8299926,123.7125615,141.3326523,2014-06-01,-0.07296137339055786,-0.09042553191489355,0.7916666666666666,158.114715375,3.6936
2014,Jul,8.3,109.63,2.06,1.61,163.1136515,168.2697314,149.1198505,155.435239,124.0616056,141.774036,2014-07-01,-0.04629629629629628,-0.058479532163742576,0.7815533980582524,158.9846181,3.3166
2014,Aug,8.5,102.33,2.2,1.75,164.012296,168.7105639,149.9214235,156.2533418,124.2325742,142.6415385,2014-08-01,0.06796116504854366,0.08695652173913038,0.7954545454545454,159.7244063,3.8500000000000005
2014,Sep,8.3,98.27,2.1,1.65,164.9970586,169.3917288,150.5545484,156.9298021,124.5629911,143.8793031,2014-09-01,-0.045454545454545525,-0.05714285714285716,0.7857142857142856,160.46828447500002,3.465
2014,Oct,8.1,83.5,2.21,1.76,165.8150321,170.0611764,151.4244534,157.6547339,124.9133038,145.0084433,2014-10-01,0.05238095238095242,0.06666666666666665,0.7963800904977376,161.23884894999998,3.8896
2014,Nov,7.9,80.42,2.18,1.73,166.8375775,170.8146506,152.4103815,158.4064596,125.2712859,146.0027991,2014-11-01,-0.013574660633484115,-0.017045454545454586,0.793577981651376,162.1172673,3.7714000000000003
2014,Dec,8.0,63.28,2.23,1.78,168.3720166,171.7815976,153.5353164,159.6868926,125.4840371,146.9806604,2014-12-01,0.022935779816513735,0.028901734104046284,0.7982062780269058,163.3439558,3.9694
2015,Jan,8.2,48.81,2.2,1.75,169.84578,172.9413392,154.7445111,160.7680048,125.6382681,148.1094809,2015-01-01,-0.013452914798206206,-0.016853932584269704,0.7954545454545454,164.57490877499998,3.8500000000000005
2015,Feb,8.4,58.09,2.21,1.76,171.0952925,173.9287205,155.8608075,161.749793,126.0560358,149.0413111,2015-02-01,0.004545454545454408,0.005714285714285783,0.7963800904977376,165.658653375,3.8896
2015,Mar,8.5,56.69,2.07,1.62,172.8412644,175.1093734,157.3675123,163.0632902,126.2663293,150.2797381,2015-03-01,-0.06334841628959287,-0.07954545454545447,0.7826086956521741,167.09536007499997,3.3534
2015,Apr,8.7,57.45,2.03,1.58,174.3884369,176.2299583,158.311763,164.4791707,126.537454,150.9857981,2015-04-01,-0.019323671497584516,-0.024691358024691357,0.7783251231527095,168.352332225,3.2074
2015,May,9.0,65.08,2.05,1.6,176.269406,178.2408892,160.1759883,166.522731,126.8824209,152.6905798,2015-05-01,0.009852216748768461,0.012658227848101333,0.7804878048780489,170.302253625,3.28
2015,Jun,9.2,62.06,1.97,1.52,178.1291614,179.5434488,161.0034132,168.3480528,127.3193223,154.0191029,2015-06-01,-0.03902439024390236,-0.050000000000000044,0.7715736040609137,171.75601905000002,2.9944
2015,Jul,9.2,57.01,2.18,1.73,179.5049726,180.6002022,162.0154847,169.55703,127.6361799,154.8859917,2015-07-01,0.10659898477157359,0.13815789473684204,0.793577981651376,172.919422375,3.7714000000000003
2015,Aug,9.3,47.09,2.12,1.67,180.6289046,181.6470343,162.787469,170.2405501,127.9116404,156.3832336,2015-08-01,-0.02752293577981657,-0.034682080924855474,0.7877358490566037,173.8259895,3.5404
2015,Sep,9.4,48.08,2.22,1.77,181.7837229,182.5553681,163.6741113,171.166214,128.0955553,157.8236522,2015-09-01,0.04716981132075482,0.05988023952095811,0.7972972972972973,174.794854075,3.9294000000000002
2015,Oct,9.3,48.86,2.21,1.76,182.6099827,183.0373592,164.1275935,172.1264446,128.3926714,158.9742083,2015-10-01,-0.0045045045045045695,-0.005649717514124353,0.7963800904977376,175.475345,3.8896
2015,Nov,9.37,44.82,2.18,1.73,184.0567467,183.6628578,164.6272075,173.9851902,128.7485353,159.8992273,2015-11-01,-0.013574660633484115,-0.017045454545454586,0.793577981651376,176.58300055,3.7714000000000003
2015,Dec,9.55,37.8,2.08,1.63,186.199428,184.5918253,165.7866595,176.0537604,129.3153055,160.7568199,2015-12-01,-0.04587155963302758,-0.05780346820809257,0.783653846153846,178.1579183,3.3904
2016,Jan,9.62,30.66,2.15,1.7,187.9206918,185.7334323,167.237137,177.8726463,129.8293728,162.9298399,2016-01-01,0.033653846153846034,0.042944785276073594,0.7906976744186046,179.69097685,3.655
2016,Feb,11.38,31.7,2.11,1.66,190.5106254,198.1484479,169.2949243,180.3506842,130.7037511,167.1440339,2016-02-01,-0.018604651162790753,-0.02352941176470591,0.7867298578199052,184.57617045,3.5025999999999997
2016,Mar,12.77,37.76,1.92,1.47,194.8692118,202.9620913,171.3538925,184.5367694,131.5686923,169.6699759,2016-03-01,-0.09004739336492884,-0.11445783132530118,0.765625,188.43049125,2.8224
2016,Apr,13.72,41.59,1.99,1.54,197.3975376,209.6769426,172.5982772,187.4670104,132.2685588,172.0377515,2016-04-01,0.03645833333333326,0.04761904761904767,0.7738693467336684,191.78494195,3.0646
2016,May,15.58,47.01,1.68,1.23,202.4648004,217.4197079,176.4241878,192.5432304,133.1794478,176.7992525,2016-05-01,-0.15577889447236182,-0.2012987012987013,0.7321428571428572,197.212981625,2.0664
2016,Jun,16.48,48.46,1.77,1.32,205.3865606,222.9537924,178.7262189,196.6816265,133.993479,179.2323074,2016-06-01,0.0535714285714286,0.07317073170731714,0.7457627118644068,200.93704960000002,2.3364000000000003
2016,Jul,17.13,45.25,1.65,1.2,207.8653002,226.8620208,179.8233602,199.2894346,134.5264716,182.2534845,2016-07-01,-0.06779661016949157,-0.09090909090909094,0.7272727272727273,203.46002895,1.9799999999999998
2016,Aug,17.61,46.15,1.5,1.05,210.301521,228.7734323,180.5976146,200.8292211,134.896805,185.2547643,2016-08-01,-0.09090909090909083,-0.12499999999999989,0.7000000000000001,205.12544725,1.5750000000000002
2016,Sep,17.85,47.43,1.75,1.3,212.0000358,230.6248954,181.4523512,202.1079755,135.3169559,188.3795055,2016-09-01,0.16666666666666674,0.23809523809523814,0.7428571428571429,206.54631447500003,2.275
2016,Oct,18.33,50.94,1.78,1.33,213.8175952,232.3407014,182.46283,203.3859808,135.7404775,191.3471412,2016-10-01,0.017142857142857126,0.023076923076922995,0.7471910112359551,208.00177685,2.3674
2016,Nov,18.48,45.25,1.92,1.47,215.6970966,233.6519674,183.4459898,204.6684853,135.9751705,193.392733,2016-11-01,0.0786516853932584,0.10526315789473673,0.765625,209.36588477499998,2.8224
2016,Dec,18.55,53.48,1.58,1.13,218.5761268,234.9307831,184.4974087,206.5471763,136.2117214,195.5062595,2016-12-01,-0.17708333333333326,-0.23129251700680276,0.7151898734177214,211.13787372500002,1.7853999999999999
2017,Jan,18.72,55.01,1.84,1.39,221.4048522,236.2409372,185.6458798,208.4958677,136.4287924,197.1877757,2017-01-01,0.16455696202531644,0.23008849557522137,0.7554347826086956,212.946884225,2.5576
2017,Feb,17.78,46.39,1.82,1.37,225.8087167,238.6464202,187.063026,210.564942,136.7590099,199.1035142,2017-02-01,-0.010869565217391353,-0.014388489208632893,0.7527472527472527,215.520776225,2.4934000000000003
2017,Mar,17.26,52.13,1.6,1.15,230.7954883,241.2240283,188.9986376,213.0158296,137.1683545,201.1682255,2017-03-01,-0.1208791208791209,-0.16058394160583955,0.7187499999999999,218.50849595,1.8399999999999999
2017,Apr,17.24,52.94,1.79,1.34,235.5013243,243.3254435,190.9964984,215.4267885,137.5027868,203.3393869,2017-04-01,0.11874999999999991,0.16521739130434798,0.7486033519553073,221.312513675,2.3986
2017,May,16.25,50.57,1.87,1.42,241.4720072,245.4898523,193.1311586,218.0656374,138.0409885,205.5216185,2017-05-01,0.04469273743016755,0.05970149253731338,0.7593582887700534,224.53966387499997,2.6554
2017,Jun,16.1,47.42,1.95,1.5,246.2887395,247.3178244,195.5501587,220.7627401,138.3857001,207.9881973,2017-06-01,0.04278074866310155,0.05633802816901423,0.7692307692307693,227.479865675,2.925
2017,Jul,16.05,49.01,2.01,1.56,250.0279855,248.5476656,198.335966,222.676474,138.6199421,209.5678374,2017-07-01,0.03076923076923066,0.040000000000000036,0.7761194029850748,229.89702277499998,3.1355999999999997
2017,Aug,16.01,51.64,1.99,1.54,252.889445,249.7153065,200.2113381,224.5743862,138.8620268,210.9825537,2017-08-01,-0.00995024875621886,-0.012820512820512886,0.7738693467336684,231.84761895,3.0646
2017,Sep,15.98,56.79,1.93,1.48,255.0799652,250.913334,201.5759104,226.3541461,139.1105632,212.2746594,2017-09-01,-0.03015075376884424,-0.038961038961038974,0.766839378238342,233.480838925,2.8564
2017,Oct,15.91,58.46,1.95,1.5,257.2357566,252.0845874,202.9134407,228.1720157,139.3708278,213.8619683,2017-10-01,0.010362694300518172,0.013513513513513598,0.7692307692307693,235.10145010000002,2.925
2017,Nov,15.9,63.56,1.96,1.51,259.5011456,253.325975,204.2967431,229.9549208,140.1482025,215.4599781,2017-11-01,0.00512820512820511,0.006666666666666599,0.7704081632653061,236.76969612499997,2.9596
2017,Dec,15.37,65.11,1.96,1.51,261.0131013,254.4087842,205.6141774,232.0478744,140.9478145,216.9408059,2017-12-01,0.0,0.0,0.7704081632653061,238.27098432500003,2.9596
2018,Jan,15.13,69.68,2.0,1.55,263.2926228,255.8871506,207.032508,234.2974062,141.7302284,218.6872129,2018-01-01,0.020408163265306145,0.026490066225165476,0.775,240.1274219,3.1
2018,Feb,14.33,66.67,2.01,1.56,265.52302,257.4632798,208.5987927,236.3716562,142.6428721,220.3032787,2018-02-01,0.004999999999999893,0.006451612903225712,0.7761194029850748,241.98918717499998,3.1355999999999997
2018,Mar,13.34,74.72,1.94,1.49,267.906483,259.2496835,210.2858551,238.3957152,143.4026852,222.11,2018-03-01,-0.03482587064676612,-0.044871794871794934,0.7680412371134021,243.95943419999998,2.8906
2018,Apr,12.48,72.37,1.97,1.52,270.3534622,260.8696516,212.0987474,240.4294488,144.1931448,223.9,2018-04-01,0.015463917525773141,0.020134228187919545,0.7715736040609137,245.9378275,2.9944
2018,May,11.61,77.64,1.78,1.33,273.9447072,262.7668695,214.0149624,242.5932359,145.0404087,225.954361,2018-05-01,-0.09644670050761417,-0.125,0.7471910112359551,248.32994374999998,2.3674
2018,Jun,11.23,75.38,1.78,1.33,278.2484074,264.7468436,215.9833056,244.7904145,145.903594,228.22,2018-06-01,0.0,0.0,0.7471910112359551,250.942242775,2.3674
2018,Jul,11.14,74.72,1.83,1.38,282.1565438,266.6179752,218.0546798,246.994578,146.7557188,230.29,2018-07-01,0.028089887640449396,0.037593984962405846,0.7540983606557377,253.45594420000003,2.5254
2018,Aug,11.23,73.35,2.0,1.55,286.1654815,267.827796,219.5083027,248.5004897,147.6354659,231.7316886,2018-08-01,0.09289617486338786,0.12318840579710155,0.775,255.50051747500004,3.1
2018,Sep,11.28,79.59,1.96,1.51,289.0283636,269.1635558,221.0240872,250.1172081,148.5622399,233.34,2018-09-01,-0.020000000000000018,-0.02580645161290329,0.7704081632653061,257.33330367499997,2.9596
2018,Oct,11.26,79.18,2.01,1.56,291.3901076,270.4485084,222.5994445,251.8234735,149.5284558,234.9322607,2018-10-01,0.025510204081632626,0.0331125827814569,0.7761194029850748,259.06538350000005,3.1355999999999997
2018,Nov,11.28,66.59,1.8,1.35,294.0182372,271.9322624,224.2050935,253.6130169,150.4646737,236.54,2018-11-01,-0.10447761194029836,-0.13461538461538458,0.75,260.9421525,2.43
2018,Dec,11.44,62.0,1.9,1.45,296.4030913,273.3313325,225.7870414,255.4354447,151.4164343,238.21,2018-12-01,0.05555555555555558,0.07407407407407396,0.7631578947368421,262.73922747499995,2.755
2019,Jan,11.37,60.39,1.95,1.5,298.8509145,274.6907468,227.3320622,257.2500046,152.3318854,239.89,2019-01-01,0.026315789473684292,0.034482758620689724,0.7692307692307693,264.53093202499997,2.925
2019,Feb,11.31,64.89,1.99,1.54,301.2974571,276.1022005,228.8131273,259.002734,153.2432059,241.55,2019-02-01,0.02051282051282044,0.026666666666666616,0.7738693467336684,266.30387972499994,3.0646
2019,Mar,11.25,67.67,2.02,1.57,303.942711,277.8791268,230.5431194,260.7865613,154.176981,243.12,2019-03-01,0.015075376884422065,0.01948051948051943,0.7772277227722773,268.287879625,3.1714
2019,Apr,11.37,73.08,1.94,1.49,307.3959004,279.7895003,232.3657003,262.6404534,155.1439163,244.76,2019-04-01,-0.03960396039603964,-0.05095541401273884,0.7680412371134021,270.5478886,2.8906
2019,May,11.4,73.65,1.94,1.49,311.7330382,281.7860035,234.2251967,264.5850009,156.1709337,246.5,2019-05-01,0.0,0.0,0.7680412371134021,273.08230982500004,2.8906
2019,Jun,11.22,66.74,2.09,1.64,315.9746914,283.6399642,236.0800853,266.537694,157.174862,248.35,2019-06-01,0.07731958762886593,0.10067114093959728,0.784688995215311,275.558108725,3.4275999999999995
2019,Jul,11.08,66.24,2.11,1.66,319.9415998,285.4983513,237.7929412,268.4961508,158.148372,250.03,2019-07-01,0.009569377990430672,0.012195121951219523,0.7867298578199052,277.93226077500003,3.5025999999999997
2019,Aug,11.02,61.05,2.09,1.64,323.8548549,287.2756541,239.5494473,270.490137,159.1635084,251.71,2019-08-01,-0.009478672985781977,-0.012048192771084376,0.784688995215311,280.292523325,3.4275999999999995
2019,Sep,11.24,65.27,2.07,1.62,328.0670993,289.1507191,241.4121127,272.5501809,160.2192682,253.49,2019-09-01,-0.009569377990430672,-0.012195121951219412,0.7826086956521741,282.795028,3.3534
2019,Oct,11.61,59.1,2.05,1.6,332.4407735,291.059513,243.3402294,274.6659015,161.3057334,255.34,2019-10-01,-0.009661835748792313,-0.012345679012345734,0.7804878048780489,285.37660435,3.28
2019,Nov,11.85,63.56,1.94,1.49,336.5979336,292.8725989,245.3706948,276.8735014,162.4534886,257.22,2019-11-01,-0.05365853658536579,-0.06875000000000009,0.7680412371134021,287.92868217499995,2.8906
2019,Dec,11.98,68.56,1.96,1.51,339.875823,294.3882059,247.4344482,279.0599152,163.5126412,259.19,2019-12-01,0.010309278350515427,0.01342281879194629,0.7704081632653061,290.189598075,2.9596
2020,Jan,12.13,66.68,2.07,1.62,343.2283299,296.0592769,249.5614111,281.3033895,164.6115286,261.17,2020-01-01,0.05612244897959173,0.07284768211920545,0.7826086956521741,292.53810185,3.3534
2020,Feb,12.2,58.45,2.07,1.62,346.2040958,297.6631488,251.5568911,283.4236468,165.7315637,263.12,2020-02-01,0.0,0.0,0.7826086956521741,294.711945625,3.3534
2020,Mar,12.26,32.29,2.04,1.59,349.4631471,299.434311,253.5851052,285.5447371,166.882151,265.06,2020-03-01,-0.01449275362318836,-0.01851851851851849,0.7794117647058824,297.0068251,3.2436000000000003
2020,Apr,12.34,14.28,2.04,1.59,353.5865539,301.4873281,256.2210203,288.3171562,168.0810987,267.17,2020-04-01,0.0,0.0,0.7794117647058824,299.903014625,3.2436000000000003
2020,May,12.4,27.9,1.75,1.3,358.603889,303.6739418,259.1932024,291.2741514,169.3557928,269.32,2020-05-01,-0.1421568627450981,-0.1823899371069182,0.7428571428571429,303.18629615,2.275
2020,Jun,12.56,40.3,1.69,1.24,363.9250008,305.9309714,262.2621228,294.2794729,170.7171436,271.48,2020-06-01,-0.034285714285714364,-0.04615384615384621,0.7337278106508875,306.599391975,2.0956
2020,Jul,12.82,44.1,1.65,1.2,369.4742153,308.2485879,265.3895462,297.4873157,172.0863265,273.67,2020-07-01,-0.023668639053254448,-0.032258064516129115,0.7272727272727273,310.149916275,1.9799999999999998
2020,Aug,13.22,45.06,1.65,1.2,375.6596904,310.6391916,268.5033142,300.8007859,173.4992001,275.94,2020-08-01,0.0,0.0,0.7272727272727273,313.900745525,1.9799999999999998
2020,Sep,13.71,40.85,1.54,1.09,382.7240695,313.1393134,271.7728756,304.3097782,174.9452833,278.3,2020-09-01,-0.06666666666666654,-0.09166666666666656,0.7077922077922079,317.98650917500004,1.6786
2020,Oct,14.23,39.74,1.61,1.16,390.2134999,315.7418308,275.1638108,307.9206868,176.4511012,280.77,2020-10-01,0.045454545454545414,0.06422018348623837,0.7204968944099378,322.259957075,1.8676
2020,Nov,14.89,42.7,1.54,1.09,398.1893123,318.4227838,278.6626077,311.678177,178.0038411,283.37,2020-11-01,-0.0434782608695653,-0.06034482758620674,0.7077922077922079,326.7382202,1.6786
2020,Dec,15.75,50.33,1.42,0.97,406.3639155,321.1210985,282.2236232,315.5198131,179.5653234,286.04,2020-12-01,-0.07792207792207795,-0.11009174311926617,0.6830985915492958,331.307112575,1.3774
2021,Jan,16.47,54.87,1.36,0.91,413.8187697,323.8799869,285.874959,319.4248954,181.0579703,288.71,2021-01-01,-0.042253521126760396,-0.061855670103092675,0.6691176470588235,335.74965275,1.2376
2021,Feb,17.33,62.48,1.42,0.97,421.6273309,326.781015,289.7044711,323.4797271,182.5859344,291.56,2021-02-01,0.04411764705882337,0.06593406593406592,0.6830985915492958,340.398136025,1.3774
2021,Mar,18.17,65.62,1.43,0.98,429.6577816,329.7597277,293.5770734,327.6087798,184.1022937,294.51,2021-03-01,0.007042253521126751,0.010309278350515427,0.6853146853146853,345.150840625,1.4014
2021,Apr,18.12,64.3,1.37,0.92,433.9165149,332.0636001,296.8970145,331.1822661,185.6611788,297.16,2021-04-01,-0.04195804195804187,-0.061224489795918324,0.6715328467153284,348.5148489,1.2604000000000002
2021,May,17.93,67.83,1.34,0.89,438.4912428,334.4123035,300.2268919,334.7920092,187.2363022,299.91,2021-05-01,-0.021897810218978075,-0.03260869565217395,0.6641791044776119,351.98061185,1.1926
2021,Jun,17.75,73.46,1.31,0.86,443.3652962,336.8694343,303.6062271,338.5122893,188.8436647,302.91,2021-06-01,-0.022388059701492602,-0.03370786516853941,0.6564885496183206,355.58831172500004,1.1266
2021,Jul,17.38,75.93,1.32,0.87,447.1811283,339.6771135,307.043277,342.2763888,190.4282637,305.98,2021-07-01,0.007633587786259444,0.011627906976744207,0.6590909090909091,359.0444769,1.1484
2021,Aug,17.01,70.72,1.24,0.79,451.9292244,342.5228585,310.149153,345.9533198,192.0179424,309.12,2021-08-01,-0.06060606060606066,-0.09195402298850575,0.6370967741935484,362.638638925,0.9796
2021,Sep,16.63,74.55,1.25,0.8,457.608279,345.434564,313.332608,349.8343632,193.5718856,312.3,2021-09-01,0.008064516129032251,0.012658227848101333,0.64,366.55245354999994,1.0
2021,Oct,15.99,84.11,1.23,0.78,461.769765,348.6866538,316.8698044,354.2063599,195.1570971,315.69,2021-10-01,-0.016000000000000014,-0.025000000000000022,0.6341463414634146,370.383145775,0.9594
2021,Nov,15.4,82.16,1.23,0.78,466.7117205,352.0866923,320.4389634,358.5269206,196.7892414,319.12,2021-11-01,0.0,0.0,0.6341463414634146,374.4410742,0.9594
2021,Dec,15.63,65.41,1.2,0.75,476.9506515,356.678497,324.3167289,362.9999116,198.4636247,322.92,2021-12-01,-0.024390243902439046,-0.03846153846153855,0.625,380.23644725,0.8999999999999999
2022,Jan,15.6,88.71,1.4,0.95,484.6893127,360.9686866,328.3120291,367.5888915,200.2077336,326.8359633,2022-01-01,0.16666666666666674,0.2666666666666666,0.6785714285714286,385.389729975,1.3299999999999998
2022,Feb,15.7,99.64,1.26,0.81,493.7682928,365.3989941,332.4181824,372.3874502,201.9676324,330.8615403,2022-02-01,-0.09999999999999998,-0.14736842105263148,0.6428571428571429,390.993229875,1.0206000000000002
2022,Mar,15.92,121.23,1.24,0.79,503.5724428,370.3909309,336.7848194,377.9496497,203.8411899,335.3608866,2022-03-01,-0.015873015873015928,-0.024691358024691357,0.6370967741935484,397.1744607,0.9796
2022,Apr,16.82,106.51,1.22,0.77,513.630981,375.4967121,341.3097785,383.6703966,205.7798733,339.9458349,2022-04-01,-0.016129032258064502,-0.025316455696202556,0.6311475409836066,403.52696705,0.9394
2022,May,17.71,116.72,1.02,0.57,523.9798137,380.7165127,346.0517836,389.6698276,207.837689,344.7819349,2022-05-01,-0.16393442622950816,-0.2597402597402598,0.5588235294117646,410.10448440000005,0.5813999999999999
2022,Jun,18.6,130.1,1.16,0.71,534.7117099,386.0823043,350.9758512,395.970505,210.0026338,349.8439623,2022-06-01,0.13725490196078427,0.2456140350877194,0.6120689655172414,416.9350926,0.8235999999999999
2022,Jul,19.64,120.54,1.08,0.63,545.6361724,391.5655419,356.0059388,402.4358275,212.2000327,354.9524073,2022-07-01,-0.06896551724137923,-0.11267605633802813,0.5833333333333333,423.91087015,0.6804
2022,Aug,20.52,106.34,0.97,0.52,556.4189893,397.0374427,360.9938735,409.050693,214.3565154,360.0856516,2022-08-01,-0.10185185185185197,-0.17460317460317454,0.5360824742268041,430.87524962500004,0.5044
2022,Sep,20.77,93.25,0.94,0.49,564.3958559,402.1716564,366.4048182,415.394826,216.3431116,365.0272482,2022-09-01,-0.030927835051546393,-0.05769230769230771,0.5212765957446809,437.091789125,0.46059999999999995
2022,Oct,21.09,96.57,1.01,0.56,571.3176879,407.4063777,372.1399279,421.4992456,218.3425494,370.1672898,2022-10-01,0.07446808510638303,0.14285714285714302,0.5544554455445545,443.09080977499997,0.5656000000000001
2022,Nov,21.47,93.36,1.19,0.74,579.3080273,413.0986461,377.6437301,428.5565145,219.4970412,376.1902034,2022-11-01,0.17821782178217815,0.3214285714285714,0.6218487394957983,449.65172950000004,0.8805999999999999
2022,Dec,21.34,82.5,1.24,0.79,590.2441526,419.1572635,383.3982753,436.1857418,220.7319261,382.4179869,2022-12-01,0.04201680672268915,0.06756756756756754,0.6370967741935484,457.2463583,0.9796
2023,Jan,21.82,84.78,1.27,0.82,602.5448817,425.6642444,389.4487021,444.8720595,222.0027363,389.0031955,2023-01-01,0.024193548387096753,0.03797468354430378,0.6456692913385826,465.632471925,1.0413999999999999
2023,Feb,21.91,86.04,1.29,0.84,614.0130953,431.5608194,395.8026346,452.1883798,223.2532954,395.482513,2023-02-01,0.015748031496062964,0.024390243902439046,0.6511627906976744,473.39123227500005,1.0836
2023,Mar,22.04,81.1,1.27,0.82,626.7011241,437.7766973,402.4632253,462.0422837,224.836532,402.7024143,2023-03-01,-0.015503875968992276,-0.023809523809523836,0.6456692913385826,482.2458326,1.0413999999999999
2023,Apr,22.22,79.005,1.23,0.78,640.043131,444.1571926,409.3604224,472.3648747,226.4825186,410.2718277,2023-04-01,-0.03149606299212604,-0.04878048780487798,0.6341463414634146,491.481405175,0.9594
2023,May,22.41,76.91,1.19,0.74,654.0563243,450.4419839,417.0263062,482.6779764,228.1388425,417.414871,2023-05-01,-0.0325203252032521,-0.05128205128205132,0.6218487394957983,501.0506477,0.8805999999999999
2023,Jun,22.79,76.97,1.26,0.81,669.7322078,457.6995837,425.148008,494.2991206,230.0280821,425.0362175,2023-06-01,0.05882352941176472,0.09459459459459474,0.6428571428571429,511.719730025,1.0206000000000002
2023,Jul,24.08,82.27,1.09,0.64,692.8630968,469.613838,433.7635193,508.1526795,230.5535271,431.1246815,2023-07-01,-0.13492063492063489,-0.2098765432098766,0.5871559633027522,526.0982834,0.6976000000000001
2023,Aug,25.8,89.3,1.18,0.73,719.6585813,483.5370121,443.7160237,519.9009538,230.938348,435.8319109,2023-08-01,0.08256880733944949,0.140625,0.6186440677966102,541.703142725,0.8613999999999999
2023,Sep,26.72,98.16,1.35,0.9,737.3122681,492.5552588,451.0712421,528.3049653,231.323458,443.0000156,2023-09-01,0.14406779661016955,0.23287671232876717,0.6666666666666666,552.310933575,1.215
2023,Oct,27.33,94.9,1.35,0.9,751.4096896,500.8110068,458.9226391,535.462747,232.0568815,448.1512783,2023-10-01,0.0,0.0,0.6666666666666666,561.6515206250001,1.215
2023,Nov,28.2,85.76,1.25,0.8,769.5809329,509.6223904,467.699457,544.3511715,232.9013051,453.017469,2023-11-01,-0.07407407407407418,-0.11111111111111105,0.64,572.81348795,1.0
2023,Dec,28.92,79.12,1.34,0.89,790.5344331,519.6491968,474.8347476,552.8054889,233.6045451,456.5463307,2023-12-01,0.07200000000000006,0.11250000000000004,0.6641791044776119,584.4559666,1.1926
2024,Jan,29.9,82.18,1.43,0.98,815.9257711,530.7579937,485.1042922,560.1670877,233.9735403,462.4922084,2024-01-01,0.06716417910447747,0.101123595505618,0.6853146853146853,597.9887861750001,1.4014
2024,Feb,31.7,86.08,1.32,0.87,846.8465333,543.8939686,494.8445684,570.0340878,234.2289477,469.8997124,2024-02-01,-0.07692307692307687,-0.11224489795918369,0.6590909090909091,613.904789525,1.1484
2024,Mar,33.2,88.8,1.23,0.78,877.4728633,558.8130161,502.9126866,579.8214526,234.6946536,476.8902921,2024-03-01,-0.06818181818181823,-0.10344827586206895,0.6341463414634146,629.75500465,0.9594
2024,Apr,33.69,93.12,1.28,0.83,899.4533859,571.960431,510.0958787,592.2827526,235.3359754,483.7198405,2024-04-01,0.04065040650406515,0.0641025641025641,0.6484375,643.44811205,1.0624
2024,May,33.95,84.01,1.25,0.8,920.0052812,583.8941583,517.3917841,606.4080759,235.8504055,490.7797919,2024-05-01,-0.0234375,-0.036144578313252906,0.64,656.924824875,1.0
2024,Jun,34.19,83.64,1.28,0.83,943.458769,596.4960221,524.7477114,620.9662515,236.0619864,498.2422389,2024-06-01,0.02400000000000002,0.03749999999999987,0.6484375,671.4171885,1.0624
